id,name,ingredients,allergenRaw,allergensmapped,link
1, Seeded Batch Warburtons," wheat flour with calcium, iron, niacin b and thiamin b, water, seed mix  sesame seed, brown linseed, sunflower seed, millet seed, poppy seed, yeast, malted barley flour, vegetable oils rapeseed and sustainable palm, sugar, salt, wheat gluten, soya flour, emulsifiers ee, e, e, preservative calcium propionate, flour treatment agent ascorbic acid vitamin c","  gluten, sesame seeds, soybeans","wheat, sesame, soy", https://world.openfoodfacts.org/product/5010044002552/seeded-batch-warburtons 
2, NYC Bagel Sesame New York Bakery," wheat flour wheat flour, calcium carbonate, iron, niacin, thiamin, water, sesame seeds , sugar, yeast maize, salt, rapeseed oil, spirit vinegar, sweet potato puree, preservative calcium propionate, malted barley flour, flour treatment agent ascorbic acid"," gluten, sesame seeds","wheat, sesame", https://world.openfoodfacts.org/product/5020364010151/nyc-bagel-sesame-new-york-bakery 
3, Houmous Carrefour," cooked chickpeas , sunflower oil, sesame paste , olive oil composed of refined olive oils and virgin olive oils, water, lemon juice, acidifiers citric acid and lactic acid, garlic powder, salt, preservative potassium sorbate", sesame seeds,sesame, https://world.openfoodfacts.org/product/3560071010522/houmous-carrefour 
4, Sesame Bagel Warburtons," wheat flour with calcium, iron, niacin b and thiamin b, water, sesame seeds , yeast, malted wheat flour, wheat gluten, sugar, dextrose, maize, salt, rice flour, soya flour, preservative calcium propionate, gelling agent e, acidity regulator citric acid, emulsifiers ee, e, flour treatment agents ascorbic acid vitamin c, e vegetarian"," gluten, sesame seeds, soybeans","wheat, sesame, soy", https://world.openfoodfacts.org/product/5010044008875/sesame-bagel-warburtons 
5, Jben Jaouda," whole fresh milk, cream, stabilizers, starch, carrageenan, salt, lactic ferments fat ", milk,milk, https://world.openfoodfacts.org/product/6111242106949/jben-jaouda 
6, Ghilal Yaourt Zr3 Jaouda," whole milk enriched with cream, sugar, skimmed milk powder, texturizer starch, cereal preparation, fibers, flavorings, lactic ferments, and natural coloring", milk,milk, https://world.openfoodfacts.org/product/6111242102002/ghilal-yaourt-zr3-jaouda 
7, Authentic Greek Yogurt Brooklea, milk, milk,milk, https://world.openfoodfacts.org/product/4088600060941/authentic-greek-yogurt-brooklea 
8, La Vache Qui Rit," rehydrated skimmed milk origin france, cheeses, butter, milk proteins, cast salt polyphosphates, calcium, milk mineral concentrate, dairy lactic concentrate", milk,milk, https://world.openfoodfacts.org/product/3073781192186/la-vache-qui-rit 
9, Chia Quinoa Loaf Promise Gluten Free," water, tapioca starch, rice flour, thickeners hydroxypropyl methyl cellulose, carboxymethyl cellulose, methyl cellulose, xanthan gum, potato starch, psyllium husk powder, yeast, humectant glycerol, rice starch, wholegrain maize flour, quinoa, rapeseed oil, golden syrup, chia seed, poppy seed, maize starch, prune pure, salt, preservative sodium propionate, sorbic acid, spirit vinegar", nuts,tree nut, https://world.openfoodfacts.org/product/5411188110842/chia-quinoa-loaf-promise-gluten-free 
10, Foie de morue nature au sel de Guérande," cod liver naturally released oil, gurande salt "," fish, fish",fish, https://world.openfoodfacts.org/product/3263670923414/foie-de-morue-nature-au-sel-de-guerande-121g-cble-connetable 
11, Fish Sauce Blue Dragon," anchovy extract  fish, salt, sugar, water", fish,fish, https://world.openfoodfacts.org/product/5010338404383/fish-sauce-imp-blue-dragon 
12, Mackrel Fillets in Spicy Tomato Sauce Nixe,"  mackerel fillets fish, water,  tomato pure, sugar, spirit vinegar, spices chilli, star anise, nutmeg, cinnamon, paprika, coriander, fenugreek, cumin, turmeric, garlic, pepper, fennel, clove, caraway, ginger, allspice, bitter orange peel, salt", fish,fish, https://world.openfoodfacts.org/product/20183059/mackrel-fillets-in-spicy-tomato-sauce-nixe 
13, Mackerel in Tomato Sauce The Fishmonger," mackerel scomber scombrus  fish, tomato paste , water, rapeseed oil, sugar, salt", fish,fish, https://world.openfoodfacts.org/product/4088600107004/mackerel-in-tomato-sauce-the-fishmonger 
14, Insalatissime Messicana e Tonno Rio Mare," tuna  euthynus katsuwonus pelamis, red beans , corn , corn oil, carrots , peppers , salt, flavorings, may contain gluten", fish,fish, https://world.openfoodfacts.org/product/8004030026018/insalatissime-messicana-e-tonno-160-gr-rio-mare 
15, Bebida de Soja UHT Hacendado," water, peeled soybeans , salt", soybeans,soy, https://world.openfoodfacts.org/product/8480000293145/bebida-de-soja-uht-hacendado 
16, Organic Tamari Soy Sauce Yutaka," soybeans , water, salt, alcohol", soybeans,soy, https://world.openfoodfacts.org/product/5014276308505/organic-tamari-soy-sauce-yutaka 
17, Hazelnuts Stutz Packing Co, hazelnuts, nuts,tree nut, https://world.openfoodfacts.org/product/0715001111722/hazelnuts-stutz-packing-co 
18, Marty's Crackling Plain Salted Oishi," dehydrated green peas, vegetable oil may consist of coconut oil andor palm olein, tapioca starch, dehydrated potatoes, maltodextrin, iodized salt salt with potassium iodide, garlic powder, sugar, hydrolyzed soy protein, citric acid, spices, disodium inosinate, disodium guanylate, tbhq antioxidant", soybeans,soy, https://world.openfoodfacts.org/product/4800194179881/marty-s-crackling-plain-salted-oishi 
19, Almonds Grape Tree, almonds, nuts,tree nut, https://world.openfoodfacts.org/product/5060339018768/almonds-grape-tree 
20, Fish Fingers Birds Eye," nutr alaska pollock fish , breadcrumb coating, rapeseed oil breadcrumb coating wheat flour, water, potato starch, salt, paprika, yeast, turmeric"," fish, gluten","fish, wheat", https://world.openfoodfacts.org/product/5000116128921/fish-fingers-birds-eye 
21, Crevette Panees Lidl,"  shrimp tails penaeus vannamei crustaceans, breadcrumbs wheat flour, yeast, salt, water, vegetable oils rapeseed and sunflower in varying proportions, wheat flour, wheat starch, potato starch, egg white powder, salt, stabilizer methylcellulose, raising agents disodium diphosphate and sodium hydrogen carbonate, antioxidant sodium metabisulfite sulfites"," crustaceans, eggs, gluten, sulphur dioxide and sulphites","wheat, egg, shellfish", https://world.openfoodfacts.org/product/4056489676706/crevette-panees-lidl 
22, Kiri Carre 8p," fromage blanc soft white cheese, rehydrated skimmed milk, milk fat, milk proteins, melting salts polyphosphate, tricalcium phosphate, citric acid, modified starch, salt, thickener carrageenan", milk,milk, https://world.openfoodfacts.org/product/6111028000980/kiri-carre-8p 
23, Double Zero Cerise Danone,"skimmed milk, skimmed milk powder, fruit preparations, thickener starch, whey, flavorings, natural colorings turmeric and carmine, sweetener stevia, yogurt cultures"," gluten, milk","wheat, milk", https://world.openfoodfacts.org/product/6111032010135/double-zero-cerise-danone 
24, Babybel," pasteurised milk, salt lactic ferments, vegetarian rennet", milk,milk, https://world.openfoodfacts.org/product/3073780918763/babybel 
25, La Buche Fondante Lactalis," pasteurized goats milk origin france, salt, cultures", milk,milk, https://world.openfoodfacts.org/product/3228021170053/la-buche-fondante-lactalis 
26, Lait Matin Leger Lactel," milk at  fat, sterilized uht, lactosefree g ml and fortified with vitamin d ingredients  fat milk origin france, lactase, vitamin d", milk,milk, https://world.openfoodfacts.org/product/3428273980046/lait-100-francais-matin-leger-demi-ecreme-lactel 
27, Tortellini Jambon Cru Lustucru," dough  durum wheat semolina, fresh eggs from freerange hens , water, filling  drycured ham pork ham, salt , water, breadcrumbs wheat flour, water, salt, yeast, crme frache , dehydrated potatoesspice turmeric, hard cheese, whey milk, rapeseed andor sunflower oil, natural flavorings wheat, milk, pasteurized butter, salt, basil, pepper, nutmeg"," eggs, gluten, milk","egg, milk, wheat", https://world.openfoodfacts.org/product/3240931548241/tortellini-jambon-cru-lustucru 
28, Medium Egg Noodles Aldi," wheat flour, durum wheat flour, pasteurised free range egg , salt, acidity regulator potassium carbonates","  eggs, gluten","egg, wheat", https://world.openfoodfacts.org/product/4088600401096/medium-egg-noodles-aldi 
29, Mayonnaise Classique Lesieur," rapeseed oil origin france , water, egg yolks from freerange hens , vinegars spirit vinegar, white wine vinegar, dijon mustard  water, mustard seed, vinegar, salt, antioxidant potassium metabisulfite, acidifier citric acid, sugar, salt, modified starch, concentrated lemon juice, colorings lutein and paprika extract, flavoring"," eggs, mustard, sulphur dioxide and sulphites",egg, https://world.openfoodfacts.org/product/3011360030474/mayonnaise-classique-lesieur 
30, Blueberry Muffin Nakd," dates , cashews , raisins , almonds , blueberries , natural flavouring", nuts,tree nut, https://world.openfoodfacts.org/product/5060088706534/blueberry-muffin-myrtilles-nakd 
31, Penne Rigate N 73 Barilla," durum wheat semolina, water", gluten,wheat, https://world.openfoodfacts.org/product/8076802085738/penne-rigate-n-73-barilla 
32, All-Bran Original Kellogg's," wheat bran , sugar, barley malt extract, salt, niacin, iron, vitamin b, riboflavin, thiamin, folic acid, vitamin d, vitamin b", gluten,wheat, https://world.openfoodfacts.org/product/5000127142190/all-bran-original-kellogg 
33, Wraps Old El Paso," wheat flour, water, stabilizer glycerol, sunflower oil, emulsifier mono and diglycerides of fatty acids, dextrose, raising agents sodium hydrogen carbonate, disodium diphosphate, salt", gluten,wheat, https://world.openfoodfacts.org/product/8410076472953/wraps-old-el-paso 
34, White Tortilla Wraps Tesco," wheat flour wheat flour, calcium carbonate, iron, niacin, thiamin, water, palm oil, humectant glycerol, raising agents disodium diphosphate, sodium bicarbonate, sugar, emulsifier mono  and diglycerides of fatty acids, acidity regulator citric acid, salt, preservative calcium propionate, flour treatment agent lcysteine hydrochloride", gluten,wheat, https://world.openfoodfacts.org/product/5057967342044/white-tortilla-wraps-tesco 
35, Malted Bloomer Village Bakery," wheat flour wheat flour, calcium carbonate, niacin, iron, thiamin, water, kibbled malted wheat , rye flour, yeast, rapeseed oil, salt, wheat bran, wheat semolina, malted barley flour, preservative calcium propionate, flour treatment agent ascorbic acid", gluten,wheat, https://world.openfoodfacts.org/product/4088600184197/malted-bloomer-village-bakery 
36, Menguy's Peanut 100, roasted peanuts, peanuts,peanut, https://world.openfoodfacts.org/product/3327272107969/menguy-s-peanut-100 
37, Pate d'arachide," roasted peanuts, hydrogenated vegetable oil, sugar, salt", peanuts,peanut, https://world.openfoodfacts.org/product/8198701234564/250623-pate-d-arachide 
38, Crunchy Peanut Butter Whole Earth," roasted peanuts , sustainable palm oil, sea salt", peanuts,peanut, https://world.openfoodfacts.org/product/5013665108801/crunchy-peanut-butter-whole-earth 
39, Crunchy Peanut Butter Meridian, roasted peanuts , peanuts,peanut, https://world.openfoodfacts.org/product/5014213711290/crunchy-peanut-butter-meridian 
40, Beurre de Cacahuètes Whole Earth," roasted peanuts peanuts , sea salt", peanuts,peanut, https://world.openfoodfacts.org/product/5013665115571/beurre-de-cacahuetes-whole-earth 
41, Super Nutty Wholefood M&S," cooked quinoa  water, quinoa seeds, black beans, edamame soybeans , cooked spelt water, spelt wheat contains gluten, carrots, broccoli, peanuts , vegetable oil sunflowerrapeseed, green beans, almonds , sugar, pumpkin seeds, pistachio nuts , concentrated apple juice, ginger pure, rice vinegar, coriander, white wine vinegar, salt, lime juice, concentrated pomegranate juice, red wine vinegar, cornflour, soybeans, lemon juice, wheat contains gluten red chilli pure, garlic pure"," gluten, nuts, peanuts, soybeans","wheat, peanut, tree nut, soy", https://world.openfoodfacts.org/product/00797016/super-nutty-wholefood-m-s 
42, Spaghetti Prawns & Black Pepper Sauce," spaghetti noodles , black pepper sauce , onion , shrimp , bell pepper , peppercorn , natural flavoring black pepper flavor"," gluten, crustaceans","shellfish, wheat", https://world.openfoodfacts.org/product/8850231800861/spaghetti-prawns-and-black-pepper-sauce-s-p 
43, 24 Escargots à la Bourguignonne Auchan," cooked snail meat mollusks helix lucorum , butter milk , parsley , garlic , shallot , salt, pepper, aromatic herbs contains celery prepared using milk from the eu"," celery, milk, molluscs","milk, shellfish", https://world.openfoodfacts.org/product/3596710441891/24-escargots-prepares-a-la-bourguignonne-belle-grosseur-auchan 
44, Coq au Vin Auchan," brined and precooked bonein chicken thigh pieces chicken thigh pieces  eu origin, water, salt, potatoes  including preservative sodium metabisulfite, water, corbires red wine  contains sulfites, carrots , button mushrooms , onions , tomato paste, modified corn starch, rapeseed oil, coloring plain caramel, fatreduced cocoa powder, salt, natural flavorings contains milk, gelling agents guar gum and xanthan gum, sugar, pepper"," milk, sulphur dioxide and sulphites",milk, https://world.openfoodfacts.org/product/3596710411047/coq-au-vin-auchan 
45, Noix de St Jacques Pecten Maximus U," king scallop meat pecten maximus, dredgefished in the northeast atlantic ocean english channel and celtic seas", molluscs,shellfish, https://world.openfoodfacts.org/product/3256220504997/noix-de-st-jacques-pecten-maximus-pechee-en-atlantique-nord-est-barquette-250g-u 
46, Coques au naturel Spanico," cockles, water, and salt", molluscs,shellfish, https://world.openfoodfacts.org/product/3760105569556/coques-au-naturel-spanico 
47, Raekju Salat Somi," shrimp salad  mayonnaise rapeseed oil, water, egg yolks, sugar, mustard powder, salt, spices, binders e, e, preservative e, acid e, shrimp , eggs, spices salt, sugar, maltodextrin, flavorings, palm fat, yeast extract, spices, antioxidant e, black pepper, citric acid, onion powder, garlic powder, soy lecithin, anticaking agent e, fine bread wheat, margarine palm oil, rapeseed oil, water, salt, flavorings, salt, yeast, emulsifier e, flour treatment agent e"," crustaceans, eggs, gluten, soybeans","shellfish, egg, wheat, soy", https://world.openfoodfacts.org/product/7799609723924/raekju-salat-samlok-somi 
48, 12 Escargots Bourguignonne Pouce," snail meat mollusk cooked helix lucorum , butter milk origin eu or united kingdom , water, parsley , dehydrated garlic , shallot, garlic , salt, pepper, dehydrated parsley, spices and aromatic herbs contains celery"," celery, milk, molluscs","milk, shellfish", https://world.openfoodfacts.org/product/3596710547807/12-escargots-prepares-a-la-bourguignonne-calibre-moyen-pouce 
49, Shrimp Cerviche Members Mark," peeled cooked shrimp shrimp, water, salt, roma tomatoes, red onions, cucumbers, lime juice, jalapeo peppers, lime, serrano peppers, cilantro, chopped garlic blend garlic, water, citric acid preservative, sea salt, salt", crustaceans,shellfish, https://world.openfoodfacts.org/product/0226700310250/shrimp-cerviche-members-mark 
50, Dark Chocolate Bar Cranberries Macadamias," hredded coconut , dark chocolate  cocoa mass, sugar, cocoa butter, emulsifier soya lecithin, sultanas  sultanas, sunflower oil, glucose syrup, crisped rice rice, sugar, dried cranberries  cranberries, sugar, sunflower oil, honey, macadamia nuts "," milk, nuts, sesame seeds, soybeans","milk, tree nut, sesame, soy", https://world.openfoodfacts.org/product/5013803666002/dark-chocolate-bar-with-cranberries-and-macadamias-eat-natural 
51, Macadamia Nut Brittle Haagen-Dazs," fresh cream , skimmed milk concentrate, sugar, egg yolk, glucose syrup, macadamia nuts, coconut oil, butter, baking powder  sodium bicarbonate, salt, natural flavour of vanilla"," eggs, milk, nuts","milk, tree nut, egg", https://world.openfoodfacts.org/product/3415581122015/macadamia-nut-brittle-haagen-dazs 
52, Soya Blueberry Vemondo," water, soya beans , blueberries ,, modified maize starch, potato starch, thickener locust bean gum, acidity regulators citric acid, sodium citrates, malic acid, concentrated blueberry juice, calcium salts of orthophosphoric acid, calcium salts of citric acid, natural flavouring, carrot concentrate, apple extract, sea salt, vitamin b riboflavin, vitamin b, vitamin d", soybeans,soy, https://world.openfoodfacts.org/product/4056489466635/soya-blueberry-soijajogurtti-vemondo 
53, What The Cluck Vegan Chicken," soy structure  water, soy protein, natural flavourings, sunflower oil, salt, acid citric acid, vitamin b", soybeans,soy, https://world.openfoodfacts.org/product/8718692786820/what-the-cluck-vegan-chicken-style-chunks-the-vegetarian-butcher 
54, Tofu Nature Cereal Bio," water, soybeans, firming agents", soybeans,soy, https://world.openfoodfacts.org/product/3259011034000/tofu-nature-a-cuisiner-cereal-bio 
55, Tofu Suave de Seda Mori-Nu," water, soybeans, isolated soy protein", soybeans,soy, https://world.openfoodfacts.org/product/0085696000442/tofu-suave-de-seda-mori-nu 
56, High Protein Chickpea Soy Fettuccine," chickpea flour, soy protein, egg white"," soybeans, eggs","soy, egg", https://world.openfoodfacts.org/product/4056489961574/baresa-high-protein-chickpea-soy-fettuccine-37-6 
57, Like Grilled Chicken Like Meat," water, soy protein concentrate , sunflower oil, natural flavorings, paprika , sea salt, spices, herbs, sugar, paprika extract, dextrose", soybeans,soy, https://world.openfoodfacts.org/product/4260380665039/like-grilled-chicken-like-meat 
58, Dessert Dark Chocolate Alpro," water, sugar, shelled soybeans , thickener modified tapioca starch and carrageenan, cocoa , chocolate , tricalcium phosphate, flavouring, sea salt, vitamins riboflavin b d", soybeans,soy, https://world.openfoodfacts.org/product/5411188091622/dessert-dark-chocolate-flavour-alpro 
59, Sojasun a la Grecque Nature," soy juice , thickener pectin, natural flavor, calcium salt, ferments", soybeans,soy, https://world.openfoodfacts.org/product/3273221093909/sojasun-a-la-grecque-nature 
60, Cadbury Chocolate Mini Rolls," milk chocolate  sugar, cocoa mass, cocoa butter, dried skimmed milk, milk fat, vegetable fat palm, dried whey from milk, emulsifier soya lecithin, vanilla flavour filling  vegetable oils palm, rapeseed, glucose syrup, dextrose, sugar, water, emulsifier e, flavouring, sugar, wheat flour with added calcium, iron, niacin, thiamin, water, glucose syrup, humectant glycerol, dried whole egg, fat reduced cocoa, vegetable oils palm, rapeseed, dried whey from milk, soya flour, raising agents e, sodium bicarbonate, dried egg white, emulsifier e, salt","  eggs, gluten, milk, soybeans","egg, wheat, milk, soy", https://world.openfoodfacts.org/product/5000221602606/cadbury-chocolate-mini-rolls-10pk 
61, Omega-3 Fish Fingers Ocean Sea,"alaska pollock  fish, wheat flour, sunflower oil, water, potato starch, salt, spices paprika, white pepper, yeast, fish oil"," fish, gluten","fish, wheat", https://world.openfoodfacts.org/product/4056489431039/omega-3-fish-fingers-ocean-sea 
62, Colin d'Alaska Sauce Provencale Carrefour," laska pollock  theragra chalcogramma caught in the pacific ocean, crushed peeled tomatoes  tomatoes , tomato juice, onions , yellow and red peppers , fennel, grilled zucchini , basil , modified tapioca starch, double concentrated tomato paste , extra virgin olive oil , aromatic herb and vegetable preparation  basilic, garlic, oregano, parsley, sunflower oil, onion, red pepper, salt, potato starch, sugar, coloring paprika extract, sugar, coloring paprika extract, salt, garlic puree, thyme, herbes de provence ", fish,"egg, wheat, milk, soy", https://world.openfoodfacts.org/product/3245414091238/colin-d-alaska-sauce-provencale-cmi-carrefour-marchandises-internationales 
63, Filets de Maquereaux Bio Phare d'Eckmuhl," mackerel fillets scomber scombrus , water, white wine vinegar, onions , carrots , muscadet white wine , pickled gherkins gherkins , spirit vinegar, cane sugar, salt, red peppers , salt, spirit vinegar, parsley , bay leaf , thyme   ingredients from organic farming "," fish, sulphur dioxide and sulphites","fish, wheat", https://world.openfoodfacts.org/product/3263670008517/filets-de-maquereaux-marines-au-muscadet-et-aux-aromates-bio-phare-d-eckmuhl 
64, Foie Morue Fume Phare d'Eckmuhl," smoked cod liver and its naturally exuded oil , salt", fish,fish, https://world.openfoodfacts.org/product/3263670991314/foie-morue-fume-au-bois-de-hetre-phare-d-eckmuhl 
65, Batonnets Croustibat Findus," alaskan pollock mince  , coating   wheat flour  , water, vegetable oils rapeseed , , copra, wheat starch, yeast, salt, spices, natural flavouring", gluten,wheat, https://world.openfoodfacts.org/product/3599740007181/batonnets-croustibat-msc-findus 
66, California Gold Nutrition Omega-3," fish gelatin softgel gelatin from tilapia, glycerin, water, and vitamin e as natural mixed tocophenols"," fish, gelatin",fish, https://world.openfoodfacts.org/product/0898220009527/california-gold-nutrition-omega-3-premium-fish-oil 
67, Thunfisch Salat Mexicana Saupiquet," tuna , kindey beans , corn , corn germ oil, carrots , paprika , salt, flavors", fish,fish, https://world.openfoodfacts.org/product/3165950580860/thunfisch-salat-mexicana-saupiquet 
68, Salade Legumes et Thon Saupiquet," lentils , skipjack tuna , corn oil, yellow carrots , carrots , tomatoes , salt, natural flavorings may contain gluten euthynnus katsuwonus pelamis", fish,fish, https://world.openfoodfacts.org/product/3165950222272/salade-legumes-et-thon-saupiquet 
69, Boulettes de Haricots Rouges Lesieur," cooked wholegrain rice , cooked kidney beans , whole durum wheat semolina, onion, rapeseed oil , wheat flour, carrots , sesame seeds , lemon juice, smoked paprika , salt, coriander, garlic, cayenne pepper"," gluten, sesame seeds","wheat, sesame", https://world.openfoodfacts.org/product/3265470088881/ma-popote-mes-boulettes-de-haricots-rouges-lesieur 
70, Puree Sesame Blanc Jean Herve, whole white sesame seeds, sesame seeds,sesame, https://world.openfoodfacts.org/product/3390390001730/puree-sesame-blanc-tanin-jean-herve 
71, Gressins Sesame Marque Repere," wheat flour, sesame seeds , yeast, olive oil, salt, barley malt extract traces of milk and soy"," gluten, sesame seeds","wheat, sesame", https://world.openfoodfacts.org/product/3564700401132/gressins-sesame-marque-repere 
72, Gressins au Sesame Bio Village," wheat flour, sesame seeds , extra virgin olive oil , salt, yeast, barley malt flour, flour treatment agent ascorbic acid"," gluten, sesame seeds","wheat, sesame", https://world.openfoodfacts.org/product/3564707121439/gressins-au-sesame-bio-village 
73, Biscuits Tournesol Sesame Chocolat U,"wheat flour origin france , dark chocolate chips  cane sugar, cocoa mass, cocoa butter, brown cane sugar, butter , sunflower seeds , sesame seeds , whole egg powder, sea salt, raising agent sodium carbonates ingredient from organic farming potential traces of nuts, soy, and peanuts"," eggs, gluten, milk, sesame seeds","egg, wheat, milk, sesame", https://world.openfoodfacts.org/product/3256228103932/biscuits-tournesol-sesame-bio-avec-pepites-de-chocolat-140g-u 
74, Galettes de Riz au Sesame Auchan Bio," wholegrain rice , sesame seeds , sea salt organic", sesame seeds,sesame, https://world.openfoodfacts.org/product/3596710519712/galettes-de-riz-complet-au-sesame-auchan-bio 
75, Crispy Chilli Oil White Mausu," sunflower oil, peanuts , sesame seeds, chilli red chilli flakes, gochugaru, garlic, agave, tamari powder soya, sea salt, sesame oil"," peanuts, sesame seeds, soybeans","peanut, sesame, soy", https://world.openfoodfacts.org/product/5392000155503/crispy-chilli-oil-with-peanuts-and-sesame-white-mausu-peanut-r%C4%81yu 
76, Sesame Caramel Bar Korona," sesame seeds, glucose syrup, sugar", sesame,sesame, https://world.openfoodfacts.org/product/8719324585026/sesame-caramel-bar-korona 
77, Sesame Bar Eridanous," sesame seeds, glucose syrup, sugar, honey", sesame seeds,sesame, https://world.openfoodfacts.org/product/20110475/sesame-bar-eridanous 
78, Knacke au Sesame Pural," whole rye flour  , sesame   , water, sea salt ,  product of biodynamic agriculture  product of organic agriculture", sesame seeds,sesame, https://world.openfoodfacts.org/product/3184340066005/knacke-au-sesame-pural 
79, Biscuits Sesame et Epeautre Elibio," wheat flour, sugar, spelt flour , butter, sesame seeds , rapeseed oil, wheat starch, skimmed milk powder, raising agents sodium carbonates, ammonium carbonates, sea salt, natural vanilla flavoring"," wheat, sesame","wheat, sesame", https://world.openfoodfacts.org/product/3760294960301/biscuits-sesame-et-epeautre-elibio 
80, Medium Egg Noodles Sharwood's," wheat flour, pasteurised egg, salt, acidity regulator potassium carbonate"," eggs, gluten","egg, wheat", https://world.openfoodfacts.org/product/5000354910920/medium-egg-noodles-145g-sharwood-s 
81, Mayonnaise Bouton d'Or," rapeseed oil , water, dijon mustard water, mustard seeds, spirit vinegar, salt, acidifier citric acid, freerange egg yolk , spirit vinegar, sugar, salt, modified corn starch, colourings lutein and paprika extract, flavouring, thickener xanthan gum"," eggs, mustard",egg, https://world.openfoodfacts.org/product/3250390009313/mayonnaise-bouton-d-or 
82, Mayonnaise Kewpie," soybean oil, egg yolk, water, distilled vinegar, salt, rice vinegar, white balsamic vinegar, monosodium glutamate, sugar, cider vinegar, mustard flour, calcium disodium edta to protect flavor, natural flavors contains egg","eggs, mustard, soybeans","soy, egg", https://world.openfoodfacts.org/product/0033357051258/mayonnaise-kewpie 
83, Organic Nut Roast Clive's," organically produced vegetables in varying proportions  sweet potato, onion, carrot, celery, leek, spinach, chestnut , polenta , nuts in varying proportion  brazil nut, walnut, almond, seeds in varying proportion  sunflower seed, pumpkin seed, flaxseed, cranberry  cranberry, apple juice concentrate, sunflower oil, sunflower oil, bouillon salt, rice flour, onion, parsnip, carrot, olive oil, turmeric, parsley, tamari water, soya bean, salt, tomato pure, mustard, herbs and spices, sea salt approved nonorganic"," celery, mustard, nuts, soybeans",soy, https://world.openfoodfacts.org/product/5031102001249/organic-nut-roast-clive-s 
84, Lasagnes aux Legumes Lidl," water,  onions,  carrots,  zucchini,  durum wheat semolina,  crushed peeled tomatoes,  double tomato concentrate, emmental milk,  shallots, rapeseed oil,  tomato juice, crme frache milk,  green peppers,  red peppers,  egg, modified potato starch, whey powder milk, salt, wheat flour, basil, sugar, whole milk powder, garlic, celery powder, oregano, parsley, white pepper, nutmeg, acidifier citric acid from freerange hens potential traces of fish and mustard"," celery, eggs, gluten, milk","egg, wheat, milk", https://world.openfoodfacts.org/product/4056489193784/lasagnes-aux-legumes-lidl 
85, Potato and Onion Tortilla M&S, potatoes  pasteurised egg  onions  sunflower oil salt olive oil, eggs,egg, https://world.openfoodfacts.org/product/29155255/potato-and-onion-tortilla-marks-spencer 
86, The Complete Cookie Lenny & Larry's," protein blend vital wheat gluten, pea protein, rice protein, enriched wheat flour wheat flour, malted barley flour, niacin, reduced iron, thiamine mononitrate, riboflavin, folic acid, vegetable glycerine, chicory root fiber, cane sugar, invert sugar, palm margarine palm oil, palm fractions, water, salt, emulsifiers sunflower lecithin, distilled monoglycerides, natural flavor, citric acid, mixed tocopherols antioxidant, vitamin a, betacarotene color, white chips sugar, palm kernel and palm oil, natural flavor, sunflower lecithin emulsifier, salt, oligofructose, macadamia nuts, sunflower lecithin, natural flavor, salt, baking soda, cultured dextrose, xanthan gum, guar gum"," gluten, nuts","wheat, tree nut", https://world.openfoodfacts.org/product/0787692838349/the-complete-cookie-lenny-larry-s 
87, Kinder Eggs Cacao Ferrero," superior milk chocolate  sugar, milk powder, cocoa butter, cocoa mass, emulsifiers lecithins soy, vanillin, sugar, vegetable fats palm, shea, skimmed milk powder , milk powder , wheat flour, lowfat cocoa , hazelnuts, concentrated butter, emulsifiers lecithins soy, vanillin, raising agents sodium bicarbonate, ammonium bicarbonate, salt"," gluten, milk, nuts, soybeans","wheat, milk, tree nut, soy", https://world.openfoodfacts.org/product/8000500243640/kinder-eggs-cacao-x12-oeufs-fourres-ferrero 
88, Pancakes Pepites de Chocolat Le Ster," wheat flour crc certified, pasteurized semiskimmed fresh milk, fresh eggs from freerange hens, rapeseed oil, sugar, chocolate chips cocoa mass, sugar, cocoa butter, dehydrated glucose syrup, stabilizer glycerol","  gluten, milk","wheat, milk", https://world.openfoodfacts.org/product/3255290253965/pancakes-pepites-de-chocolat-le-ster 
89, Egg Noodles Morrisons," fortified wheat flour wheat flour, iron, thiamin, nicotinic acid, calcium carbonate, water, pasteurised liquid whole free range egg , salt, firming agents potassium carbonate, sodium carbonate, colour mixed carotenes, acidity regulator citric acid"," eggs, gluten","egg, wheat", https://world.openfoodfacts.org/product/5010251562849/egg-noodles-morrisons 
90, Protein Sourdough Toasting Loaf Aldi," wheat flour wheat flour, calcium carbonate, folic acid, iron, niacin, thiamin, water, wheat protein , kibbled malted wheat, inactive rye sourdough, pea protein , fermented wheat flour, rye, rye flour, salt, sunflower seeds, brown linseed, malted barley flour, wheat bran, yellow linseed, yeast, spelt wheat, wheat, flour treatment agent ascorbic acid", gluten,wheat, https://world.openfoodfacts.org/product/4069365229156/protein-sourdough-toasting-loaf-aldi-specially-selected 
91, Classic Margherita Pizza Express," wheat flour wheat flour, calcium carbonate, iron, niacin, thiamin, mozzarella cheese milk , tomato , tomato pure, water, cheddar cheese milk , rapeseed oil, semolina wheat, salt, sugar, lemon juice, yeast, oregano, black pepper, basil"," gluten, milk","wheat, milk", https://world.openfoodfacts.org/product/5024530005293/classic-margherita-mozzarella-tomato-pizza-pizza-express 
92, Supergreen Salad M&S," cucumber , edamame soybeans , apple and ginger dressing , apples , sugar snap peas , broccoli, courgette, peas, spinach, coriander, golden linseed, hemp seeds, sunflower seeds, pumpkin seeds apple and ginger dressing concentrated apple juice, water, spinach, ginger pure, lime juice, mint infused sunflower oil, salt, mint, cornflour, dried mustard, vinegar, garlic pure, lime leaves, mustard husk, cracked black pepper, rapeseed oil, allspice, turmeric"," apple, mustard, soybeans",soy, https://world.openfoodfacts.org/product/00075473/supergreen-salad-marks-spencer 
93, Greek Style Salad Cheese Lidl, milk, milk,milk, https://world.openfoodfacts.org/product/20898717/greek-style-salad-cheese-lidl 
94, Salade de Thon Mexicaine Marque Repere," precuited tuna , red beans , water, red peppers , corn ,, green beans ,, carrots ,, onions ,, mini corn cobs in rounds ,, rapeseed oil, alcohol vinegar, salt, double tomato concentrate, natural aroma, spices, thick gum guar", fish,fish, https://world.openfoodfacts.org/product/3564700842058/salade-de-thon-mexicaine-marque-repere 
95, Ambrosia Rice Pudding," full cream milk , skimmed milk , whey , rice , sugar", milk,milk, https://world.openfoodfacts.org/product/5000354800931/ambrosia-rice-pudding 
96, Club Sandwich Tuna and Eggs Daunat," wholegrain sandwich bread  wheat flour , wholewheat flour , water, rapeseed oil, salt, wheat gluten, yeast, spirit vinegar, reducedfat mayonnaise  water, rapeseed oil, starch, mustard water, mustard seeds, spirit vinegar, salt, egg yolk, spirit vinegar, sugar, salt, thickener guar gum, skipjack tuna in brine  skipjack tuna, water, salt, tomato , egg  egg, acidifier citric acid tomato  expressed on the finished product","  eggs, fish, gluten, mustard","egg, fish, wheat", https://world.openfoodfacts.org/product/3367651000016/the-classic-club-sandwich-tuna-and-eggs-daunat 
97, Best Lamb Gravy Bisto," potato starch, dried glucose syrup, salt, flavour enhancers monosodium glutamate, disodium ribonucleotides, rapeseed oil, flavourings, colour ammonia caramel, lamb powder , onion powder, potassium chloride, emulsifier soya lecithin, herbs, black pepper extract, onion oil, rosemary extract"," gluten, soybeans","wheat, soy", https://world.openfoodfacts.org/product/5000354922862/best-lamb-gravu-bisto 
98, Vegetarian Lamb Steaks Linda McCartney's," rehydrated textured soya protein , rapeseed oil, onion , stabiliser methyl cellulose, chickpea flour, onion powder, flavouring, sugar, yeast extract, salt, maltodextrin, garlic, malted barley extract, mint, parsley, black pepper, acid citric acid, thyme"," gluten, soybeans","wheat, soy", https://world.openfoodfacts.org/product/5056053309473/vegetarian-quick-cook-lamb-steaks-linda-mccartney-s 
99, Gerble Apple Blackcurrant Cake," sweetener maltitols, wheat flour , apple puree , rapeseed oil, wholewheat flour , humectant vegetablebased glycerol, blackcurrant puree , wheat starch, wheat fibers, concentrated lemon juice, sea salt, emulsifier rapeseed lecithins, natural blackcurrant flavoring, raising agents citric acid, sodium carbonates", gluten,wheat, https://world.openfoodfacts.org/product/3175681270749/gerble-no-sugar-added-apple-blackcurrant-cake-filling-180g-6-4oz 
100, Crownfield Special Flakes Red Fruit,"  wholegrain wheat, ground rice, sugar, , freeze dried fruit in varying proportions strawberries, cherries, salt, barley malt extract", gluten,wheat, https://world.openfoodfacts.org/product/20621452/crownfield-special-flakes-red-fruit 
101, Chicken Carrot and Houmous Wrap M&S," wholemeal wheatflour contains gluten, pickled carrots  carrots, water, rice wine vinegar, sugar, salt, roast chicken breast , water, chickpeas, spinach, pumpkin seeds, lemon juice, palm oil sugar, carrots, olive oil, rapeseed oil, onions, white wine vinegar wheatflour with wheatflour, calcium carbonate, iron, niacin, thiamin, wheat fibre contains gluten, salt, humectant glycerol, garlic pure, raising agent e, sodium bicarbonate, cracked black pepper, chicken stock water, chicken bones, seaweed, chicken skin, yeast extract, shiitake mushrooms, sugar, acidity regulator malic acid, cornflour, potato starch, emulsifier e, virgin olive oil, stabiliser e, firming agent e, wheat starch contains gluten", gluten,wheat, https://world.openfoodfacts.org/product/29320646/chicken-carrot-and-houmous-wholemeal-wrap-marks-spencer 
102, Cottage Cheese with Pineapple Longley Farm," milk, pineapple , salt", milk,milk, https://world.openfoodfacts.org/product/5010578008044/cottage-cheese-with-pineapple-longley-farm 
103, Nutella Ferrero," sugar, palm oil, hazelnuts, skimmed milk, cocoa"," milk, nuts, soybeans","milk, tree nut, soy", https://world.openfoodfacts.org/product/3017620425035/nutella-ferrero 
104, Authentique Wasa," wholemeal rye flour  g, rye flour  g, yeast, salt, may contain traces of milk and sesame seeds", gluten,wheat, https://world.openfoodfacts.org/product/7300400481595/authentique-wasa 
105, Milka Alpine Milk Chocolate," sugar, cocoa butter, cocoa mass, skimmed milk powder, sweet whey powder from milk, concentrated butter, emulsifier soya lecithine, hazelnut paste, flavouring"," milk, nuts, soybeans","milk, tree nut, soy", https://world.openfoodfacts.org/product/3045140105502/milka-alpine-milk-chocolate-bar 
106, 5% Greek Yogurt Fage," pasteurised skimmed milk, cream milk, live active yoghurt cultures l bulgaricus, s thermophilus, l acidophilus, bifidus, l casei no palm oil", milk,milk, https://world.openfoodfacts.org/product/5201054017432/5-greek-yogurt-fage 
107, Cookies Biscuits Lotus Biscoff," wheat flour, sugar, vegetable oils palm, rapeseed, candy sugar syrup, raising agent sodium hydrogen carbonate, soya flour, salt, cinnamon"," gluten, soybeans","wheat, soy", https://world.openfoodfacts.org/product/5410126716016/cookies-biscuits-lotus-biscoff 
108, Real Mayonnaise Stokes," rapeseed oil , free range pasteurised whole egg , water, extra virgin olive oil , unrefined raw cane sugar, acid acetic acid, sea salt, mustard"," eggs, mustard",egg, https://world.openfoodfacts.org/product/5060092690331/real-mayonnaise-stokes 
109, Original Pringles," dried potato, vegetable oils sunflower, corn, rice flour, starch of wheat, corn flour, emulsifier e, maltodextrin, salt, yeast extract, yeast powder, colour annatto",  gluten,wheat, https://world.openfoodfacts.org/product/5053990127726/original-pringles 
110, Muesli Crunchy 0 Hacendado," oat flakes gluten , vegetable fibers chicory, corn, flour  rice, wheat gluten, higholeic sunflower oil, barley malt extract gluten, flavorings, salt"," gluten, milk","wheat, milk", https://world.openfoodfacts.org/product/8402001010873/muesli-crunchy-0-hacendado 
111, Chocapic Cereals Nestle," whole wheat , chocolate powder  cocoa powder, wheat flour , cornmeal, glucose syrup, , barley malt extract barley, malted barley, contains sunflower andor palm oil, , emulsifier , , natural flavours, iron, vitamins b, b, d, b, b, b and b", gluten,wheat, https://world.openfoodfacts.org/product/7613034626844/chocapic-cereals-nestle 
112, Youwefit Omega-3 1250 Fish Oil," fish oil, capsule shell ingredient gelatin, purified water, humectants ins   ins  ii preservative ins  and artificial flavouring agent ethyl vanillin"," fish, gelatin",fish, https://world.openfoodfacts.org/product/8904463100357/youwefit-omega-3-1250-fish-oil-capsule-triple-strength-youwefit-is-sold-by-wellversed 
113, Bacalao Ajoarriero Aldi," cod gadus morhua fish , onion, green pepper, red pepper, potato, tomato, olive oil, choricero pepper pulp, salt, sunflower oil, corn starch, sugar, garlic, and antioxidants e, e, and e", fish,fish, https://world.openfoodfacts.org/product/4068263063510/bacalao-ajoarriero-aldi-specially-selected 
114, Cold Smoked Salmon Nautica,"  atlantic salmon salmo salar, salt, sodium lactate", fish,fish, https://world.openfoodfacts.org/product/20034658/cold-smoked-salmon-nautica 
115, Salmon Fillets Tesco, salmon , fish,fish, https://world.openfoodfacts.org/product/5057373699688/salmon-fillets-tesco 
116, Saumon Atlantique Fume Labeyrie," salmon, salt", fish,fish, https://world.openfoodfacts.org/product/3033610071303/saumon-atlantique-fume-norvege-labeyrie 
117, Taquitos de Salmon Ahumado Hacendado," smoked salmon, salt", fish,fish, https://world.openfoodfacts.org/product/8480000226121/taquitos-de-salmon-ahumado-hacendado 
118, Roasted Unsalted Cashews Pete's," cashews, cottonseed oil or safflower oil", nuts,tree nut, https://world.openfoodfacts.org/product/0609456365727/roasted-unsalted-cashews-pete-s 
119, No Added Sugar Muesli Alpen," wholegrain wheat , wholegrain rolled oats , raisins , skimmed milk powder, milk whey powder, roasted sliced nuts ,  hazelnuts , almonds , malted barley extract, salt"," gluten, milk, nuts","wheat, milk, tree nut", https://world.openfoodfacts.org/product/5010029219326/no-added-sugar-muesli-imp-alpen 
120, Chicken Tikka The Gym Kitchen," cooked spiced brown rice  tomato passata, water, brown rice, onions, coconut milk, garlic pure, ginger pure, salt, cumin seeds, turmeric, chilli powder, cardamom, cinnamon powder, cooked marinated chicken breast  chicken breast, tomato paste, inger pure, garlic pure, yogurt powder milk, cornflour, green chilli pure, salt, chilli powder, fenugreek, coriander powder, cumin powder, ginger powder, cinnamon powder, black pepper, mace, star anise, turmeric, basil flakes, cauliflower , greenlentils , spring greens ", milk,milk, https://world.openfoodfacts.org/product/5060084345539/chicken-tikka-the-gym-kitchen 
121, Risotto au Poulet Toque du Chef," water, cooked rice , salted treated chicken chicken  origin poland, tapioca starch, dextrose, salt, crme frache , cream of rice, porcini mushrooms cpes , button mushrooms , white wine , onions , rice starch, hard cheese, rapeseed oil, wheat flour, salt, chives , porcini powder, pepper"," gluten, milk","wheat, milk", https://world.openfoodfacts.org/product/4056489194965/risotto-au-poulet-et-aux-cepes-toque-du-chef 
122, Knacki Saucisses au Poulet Nestle," chicken meat and chicken skin , water, lactose, salt, pea protein, flavors wheat, celery, dextrose, antioxidant sodium isoascorbate, sodium nitrite, ferment, smoke"," gluten, milk","wheat, milk", https://world.openfoodfacts.org/product/7613035289291/knacki-saucisses-au-poulet-nestle 
123, Super Duper Chicken Nuggets Kidfresh," chicken breast meat, whole wheat flour, water, cauliflower, onions, unbleached wheat flour, natural flavors, salt, corn starch, yellow corn flour, rice starch, yeast, molasses, sea salt, leavening cream of tartar, baking soda, whole grain millet flour", gluten,wheat, https://world.openfoodfacts.org/product/0810882010024/super-duper-chicken-nuggets-kidfresh 
124, Pechuga de Pavo ElPozo," peacock , water, salt, soy protein, flavorings, stabilizers e, e, e, antioxidants e, e, preservative e", soybeans,soy, https://world.openfoodfacts.org/product/8410843145202/pechuga-de-pavo-lonchas-finas-elpozo 
125, Krisprolls Complets Sans Sucres," whole wheat flour , wheat flour, vegetable oils fully hydrogenated rapeseed oil, barley malt, yeast, salt", gluten,wheat, https://world.openfoodfacts.org/product/7311070032611/krisprolls-complets-sans-sucres-ajoutes 
126, 2 Lemon Pepper Fish Fillets," alaska pollock fillet  fish, wheat flour wheat flour, calcium carbonate, iron, niacin b, thiamin b, rapeseed oil, water, wheat starch, wheat gluten, rice flour, salt, yeast, black pepper, flavouring, lemon powder, raising agents diphosphate, sodium bicarbonate, sunflower oil, sea salt, citric acid, white pepper"," fish, gluten","fish, wheat", https://world.openfoodfacts.org/product/5000205048277/2-lemon-pepper-fish-fillets-yew-tree-dairy 
127, Youngs Salt Pepper Basa Fillets," basa fillet  fish, wheat flour wheat flour, calcium carbonate, iron, niacin b, thiamin b, rapeseed oil, rice flour, polenta flour, cornflour, sea salt, dried skimmed milk black pepper, onion powder, garlic powder, yeast, salt"," fish, gluten, milk","fish, wheat, milk", https://world.openfoodfacts.org/product/5000205046990/youngs-salt-pepper-basa-fillets-2pk 
128, Salt Chilli Pepper Nuts Seeds," almonds, cashew nuts, pumpkin seeds, sunflower seeds, tamari soya  cider vinegar, aleppo flakes , sesame oil"," nuts, sesame seeds, soybeans","tree nut, sesame, soy", https://world.openfoodfacts.org/product/5060544130279/salt-chilli-pepper-nuts-seeds-boundless 
129, Gochujang Ajumma Republic," wheat flour, corn syrup, mixed seasoning red chilli pepper powder , water, salt, garlic, onion, water, salt, red chilli pepper powder , ethyl alcohol, hydrolyzed wheat protein", gluten,wheat, https://world.openfoodfacts.org/product/8809410721459/gochujang-ajumma-republic 
130, Bell Peppers with Cream Cheese M&S," cherry peppers  cherry peppers sugar white wine vinegar  salt acidity regulator citric acid, goats cheese milk  acidity regulator citric acid preservative e, vegetable oils sunflowerrefined rapeseed", milk,milk, https://world.openfoodfacts.org/product/00740265/bell-peppers-with-cream-cheese-m-s-food 
131, Chocolate Fondant with Salt Lindt," sugar, cocoa mass, cocoa butter, sea salt"," milk, soybeans","milk, soy", https://world.openfoodfacts.org/product/3046920029674/chocolate-fondant-with-salt-lindt 
132, Sea Salt Black Pepper Cashews Sainsbury's,"cashew nuts , rapeseed oil, palm oil, black pepper , sea salt , rice flour, sugar, yeast extract powder, white pepper, flavouring, acid citric acid", nuts,tree nut, https://world.openfoodfacts.org/product/00429993/sea-salt-black-pepper-cashews-by-sainsbury-s 
133, Gerble Salt Free Biscuits," wheat flour , brown cane sugar, rapeseed oil, raisins , soya flour, grape paste , chicory fibre fructooligosaccharides, baking powders potassium carbonates, ammonium carbonates, milk proteins"," gluten, lupin, milk, nuts, soybeans","wheat,milk, tree nut, soy", https://world.openfoodfacts.org/product/3251491787810/gerble-salt-free-biscuits-with-raisins-20-pc-360g 
134, Japanese Rainbow Slaw BOL," black rice , edamame beans  soya, black turtle beans , carrots , red peppers , cabbage , leafy greens , soy and ginger dressing  miso glaze white miso paste water, soya beans, rice, salt, alcohol, rice vinegar, mirin glutinous rice, water, alcohol, rice, sugar, ginger pure, lime juice, ginger pure, water, soy sauce water, soya beans, wheat, salt, alcohol, vinegar, rapeseed oil, brown sugar, cornflour"," gluten, soybeans","wheat, soy", https://world.openfoodfacts.org/product/5060430290322/japanese-rainbow-slaw-salad-jar-bol 
135, Fresh Noodles Japanese Teriyaki BOL," teriyakihoisin sauce  water, hoisin sauce water, sugar, barley malt vinegar, soya beans, cornflour, salt, tomato paste, garlic pure, spices, rapeseed oil, dried onion, barley malt extract, wheat flour wheat flour, calcium carbonate, iron, niacin, thiamin, garlic powder, soy sauce water, soya beans, wheat, salt, alcohol, sugar cane vinegar, brown sugar, white miso glaze water, soya beans, rice vinegar, mirin, rice, sugar, salt, ginger pure, alcohol, cornflour, rice vinegar, turmeric noodles  water, wheat flour wheat flour, calcium carbonate, iron, niacin, thiamin, rapeseed oil, salt, ground turmeric, ground paprika, firming agents potassium carbonate, sodium carbonates, acidity regulator citric acid, veggies  baby corn, edamame beans soya, black turtle beans, leaf mix  leafy greens, carrot, pak choi"," gluten, soybeans","wheat, soy", https://world.openfoodfacts.org/product/5060430292104/fresh-noodles-japanese-teriyaki-bol 
136, Milky Way," milk chocolate sugar, cocoa butter, skim milk, chocolate, lactose, milkfat, soy lecithin, corn syrup, sugar, palm oil, skim milk, less than  of milkfat, cocoa powder processed with alkali, barley malt extract, lactose, salt, egg whites, chocolate, artificial flavor"," eggs, milk, soybeans","egg, milk, soy", https://world.openfoodfacts.org/product/5000159413589/milkyway-milky-way 
137, Toblerone," milk chocolate sugar, milk ingredients, cocoa butter, unsweetened chocolate, soy lecithin, artificial flavour, nougat sugar, honey, almonds, dried eggwhite, citric acid contains milk, soy, almond, egg"," eggs, milk, nuts, soybeans","egg, milk, tree nut, soy", https://world.openfoodfacts.org/product/07027703/toblerone 
138, Cooked Shrimp WinCo Foods," shrimp, water, salt, sodium tripolyphosphate to retain moisture contains crustacean shellfish shrimp", crustaceans,shellfish, https://world.openfoodfacts.org/product/0070552308145/cooked-shrimp-winco-foods 
139, Shrimp Tampa Bay Fisheries," shrimp, bleached wheat flour, enriched wheat flour wheat flour, niacin, reduced iron, thiamine mononitrate, riboflavin, folic acid, modified corn starch, yellow corn flour, modified potato starch, salt, sugar, garlic powder, onion powder, maltodextrin"," crustaceans, gluten","shellfish, wheat", https://world.openfoodfacts.org/product/0024732275277/shrimp-tampa-bay-fisheries 
140, Medium Raw Shrimp Great Value," shrimp, water, salt, sodium tripolyphosphate", crustaceans,shellfish, https://world.openfoodfacts.org/product/0078742133867/medium-raw-shrimp-great-value 
141, Coles Prawns in Brine," prawns , water, salt, sugar, stabilisers , , , food acid citric acid, preservative ", crustaceans,shellfish, https://world.openfoodfacts.org/product/9300601185559/coles-prawns-in-brine 
142, Raw Shrimp Adelphia Seafood," shrimp, sodium bisulfite, sodium tripolyphosphate to retain moisture", crustaceans,shellfish, https://world.openfoodfacts.org/product/0820324237124/raw-shrimp-adelphia-seafood 
143, Creamy Peanut Butter Peanut Delight," dry roasted peanuts, sugar, hydrogenated vegetable ol rapeseed, cottonseed, soybean, salt, molasses"," peanuts, soybeans","peanut, soy", https://world.openfoodfacts.org/product/1426190103106/creamy-peanut-butter-peanut-delight 
144, Creamy Peanut Butter American," peanuts, dextrose, hydrogenated vegetable oil cotton  seed andor rapeseed, and salt", peanuts,peanut, https://world.openfoodfacts.org/product/0073147105006/creamy-peanut-butter-american 
145, Chocolate Peanut Butter Clif Builders," soy protein, cane syrup, peanut butter, cocoa"," peanuts, soybeans","peanut, soy", https://world.openfoodfacts.org/product/0722252168504/chocolate-peanut-butter-clif-builders-protein 
146, Overnight Oats Peanut Butter Trader Joe's," water, rolled oats, dates, peanut butter, partially defatted peanut flour, salt", peanuts,peanut, https://world.openfoodfacts.org/product/00775441/overnight-oats-peanut-butter-trader-joe-s 
147, Peanut Butter Filled Dates," dates, peanuts, cocoa, butter, himalayan pink salt"," milk, peanuts","milk, peanut", https://world.openfoodfacts.org/product/0850040419375/peanut-butter-filled-dates-freakin-wholesome 
148, Creamy Peanut Butter Great Value," peanuts, sugar, contains  or less of hydrogenated vegetable oil cottonseed oil, soybean oil, rapeseed oil, salt, molasses, monoglycerides", soybeans,soy, https://world.openfoodfacts.org/product/0194346116607/creamy-peanut-butter-great-value 
149, Peanut Butter Cup Ice Cream Great Value," milk, cream, skim milk, sugar, buttermilk, whey, peanut butter ribbon and flavor base peanuts, peanut oil, salt, mono and diglycerides, peanut butter cups sugar, coconut oil, peanut butter peanuts, salt, partially defatted peanut flour, nonfat milk, whole milk, cocoa processed with alkali, salt, soy lecithin, natural flavors, chocolate fudge ribbon corn syrup, sugar, water, palm oil, chocolate liquor, cocoa processed with alkali, pectin, mono and diglycerides, polysorbate , corn syrup, contains less than  of mono and diglycerides, carob bean gum, guar gum, cellulose gel, cellulose gum, carrageenan"," milk, peanuts, soybeans","milk, peanut, soy", https://world.openfoodfacts.org/product/0078742077017/peanut-butter-cup-ice-cream-great-value 
150, Five Bean Salad Napolina," vegetables in variable proportions  red kidney beans, black eye beans, borlotti beans, pea navy beans, baby green lima beans, sweetcorn, water, white wine vinegar , salt, sugar, mustard powder, garlic powder, antioxidant ascorbic acid, pepper, firming agent calcium chloride, pepper extract, basil extract", mustard,no allergens detected, https://world.openfoodfacts.org/product/5000232849816/five-bean-salad-napolina 
151, Honey Mustard Dressing Sainsbury's," water, honey , white wine vinegar sugar, wholegrain mustard  water, mustard seed spirit vinegar, salt, dijon mustard  water, mustard seed, spirit vinegar, salt, cornflour, mustard seeds, salt, garlic pure, mustard powder, black pepper", mustard,no allergens detected, https://world.openfoodfacts.org/product/01477610/be-good-to-yourself-honey-mustard-dressing-sainsbury-s 
152, Organic Lightly Salted Rice Cakes Kallo," organic wholegrain rice , sea salt",  rice,no allergens detected, https://world.openfoodfacts.org/product/5013665100065/organic-lightly-salted-wholegrain-low-fat-rice-cakes-kallo 
153, Robinsons Apple & Blackcurrant," water, fruit juices from concerntrate apple , blackcurrant , acids citric acid, malic acid, natural colour anthocyanins, natural flavouring, acidity regulator sodium citrate, sweeteners acesulfame k, sucralose, preservatives potassium sorbate, sodium metabisulphite , stabiliser cellulose gum"," apple, metabisulphite",no allergens detected, https://world.openfoodfacts.org/product/5000147030149/robinsons-apple-blackcurrant 
154, Mes Carottes Rapees Pierre Martinet," carrots , water, rapeseed oil, dehydrated chives, spices, lemon juice based on concentrate, mustard water, mustard seeds, alcohol vinegar, salt, alcohol vinegar, concentrated orange juice, lemon extract, salt, processed starch, thickener xanthan gum, preservative potassium sorbate", mustard,no allergens detected, https://world.openfoodfacts.org/product/3281780894950/mes-carottes-rapees-a-la-ciboulette-pierre-martinet 
155, Fruit Splits Raspberry Pineapple Bear," apples , pears , pineapple , raspberries , black carrot extract ", apple,no allergens detected, https://world.openfoodfacts.org/product/5060139436151/fruit-splits-raspberry-pineapple-bear 
156, Maggi Bouillon Kub Volaille," iodized salt, sugar, potato starch, mineral salt potassium, shea butter, flavors ble, salt, poultry  chicken fat, chicken extract ,, amino plant extract ble, turmeric, carrot, parsley, celeri root and garlic extract, antioxidant rosemary extracts, fat and freetoair chicken extract"," gluten, celeri",no allergens detected, https://world.openfoodfacts.org/product/7613032397623/maggi-bouillon-kub-volaille-reduit-en-sel-de-25-120g-nestle 
157, Blanc de Dinde Fleury Michon," turkey fillet , broth water, chicken bones, turkey meat, shallot, garlic, spices, herbs, carrot, celery , onion, leek, salt, salt, dextrose of corn, concentrate of carrot and celery , enzymes, antioxidant  sodium ascorbate, colour  plain caramel", celery,no allergens detected, https://world.openfoodfacts.org/product/3095756308019/blanc-de-dinde-dore-au-four-fleury-michon 
158, Roast Chicken Slice Tesco," chicken breast , pea starch, dextrose, salt, stabilisers tetrapotassium diphosphate, disodium diphosphate, chicken, yeast extract, chicken fat, caramelised sugar syrup, sugar, onion powder, lemon juice from concentrate, black pepper, sage extract", chicken,no allergens detected, https://world.openfoodfacts.org/product/5059697724442/roast-chicken-slice-tesco 
159, Organic Chicken Stock Kirkland," organic chicken stock, organic vegetable stock organic carrot, organic celery root, organic onion juice concentrate, sea salt, natural flavor, organic tumeric concentrate, organic ground bay leaves, organic black pepper extract", celery,no allergens detected, https://world.openfoodfacts.org/product/0096619782581/organic-chicken-stock-kirkland-signature 
160, Strawberry Jam Bonne Maman," strawberries, sugar, cane sugar, concentrated lemon juice, gelling agent fruit pectin", none,no allergens detected, https://world.openfoodfacts.org/product/3045320094008/strawberry-jam-bonne-maman 
161, Gazpacho Alvalle," tomato, pepper, cucumber, onion, extra virgin olive oil , wine vinegar, salt, garlic, lemon juice", none,no allergens detected, https://world.openfoodfacts.org/product/3168930163480/gazpacho-alvalle 
162, Confiture Abricot Intense Bonne Maman," apricots, sugar, lemon juice, pectin", none,no allergens detected, https://world.openfoodfacts.org/product/3608580823452/confiture-abricot-intense-bonne-maman 
163, Organic Vegetable Stock Cubes Kallo," sea salt, palm oil, vegetables onion, carrot, celery", celery,no allergens detected, https://world.openfoodfacts.org/product/5013665112273/organic-vegetable-stock-cubes-kall%C3%B8 
164, Organic Swiss Vegetable Bouillon Marigold," sea salt, potato starch, sustainable palm oil, sugar, vegetables  celery, onion, parsnip, tomato, sunflower oil, yeast extract, caramelised sugar, herbs and spices lovage, turmeric, parsely, black pepper", celery,no allergens detected, https://world.openfoodfacts.org/product/5016084235516/organic-swiss-vegetable-vegan-bouillon-powder-marigold 
165, Pom'Potes Materne," apple  puree and concentrated puree, pear , antioxidant ascorbic acid", none,no allergens detected, https://world.openfoodfacts.org/product/3021769505626/pom-potes-pomme-poire-materne
166, Apple rice cakes mamia," organic white rice , organic apple juice concentrate , vitamin b", none,no allergens detected, https://world.openfoodfacts.org/product/4088600341828/apple-rice-cakes-mamia
167, Cloudy Apple Juice Copella," apple juice, antioxidant vitamin c ascorbic acid", none,no allergens detected, https://world.openfoodfacts.org/product/5012876336096/cloudy-apple-juice-copella
168, Carrefour Celerlac," celeriac, water, spirit vinegar, sugar, salt, acidifier citric acid contains celery, firming agent calcium chloride, antioxidant ascorbic acid", celery,no allergens detected, https://world.openfoodfacts.org/product/3560070603046/carrefour-celerlac
169, Strawberries & Bananas Innocent,"  pressed apple ,  crushed strawberries ,  of a mashed banana ,  pressed white grapes, a splash of squeezed orange,  crushed blackcurrants, a splash of pressed beetroot", none,no allergens detected, https://world.openfoodfacts.org/product/5038862320108/strawberries-bananas-innocent
170, Nesquik banana flavor Nestlé," sugar, rice flour, natural flavouring vitamin c, vitamin d, carotenes", none,no allergens detected, https://world.openfoodfacts.org/product/8445290293312/nesquik-banana-flavor-nestle
171, Chopped Tomatoes Tesco," tomatoes , tomato juice, acidity regulator citric acid", none,no allergens detected, https://world.openfoodfacts.org/product/5057545745946/chopped-tomatoes-tesco
172, Beet It Organic Beetroot," organic beetroot juice , organic apple juice ", none,no allergens detected, https://world.openfoodfacts.org/product/5020934001008/beet-it-organic-beetroot-juice-1-litre-james-white
173, Blackcurrant Squash Ribena," water, blackcurrant juice from concentrate , sugar, thickener polydextrose, acidity regulator sodium gluconate, acid citric acid, vitamin c, natural blackcurrant flavourings, extracts of carrot and hibiscus, preservatives potassium sorbate, sodium bisulphite, sweeteners acesulfame k, sucralose", none,no allergens detected, https://world.openfoodfacts.org/product/5054267003378/blackcurrant-squash-ribena
174, Pineapple juice Solevita, pineapple juice, none,no allergens detected, https://world.openfoodfacts.org/product/20093273/pineapple-juice-solevita
175, Raw Boost Mockingbird,"   pressed apples,  orange,  crushed blackcurrants ,  crushed strawberries ,   blueberries, squeeze of beetroot , crushed acai berries , crushed spinach , crushed kale , vitamin c ascorbic acid, vitamin b", none,no allergens detected, https://world.openfoodfacts.org/product/5060406461725/raw-boost-mockingbird
176, Pressed Apple Juice Not From Concentrate Tesco," apple juice, antioxidant ascorbic acid", none,no allergens detected, https://world.openfoodfacts.org/product/5052910758996/pressed-apple-juice-not-from-concentrate-tesco
177, apple juice Innocent," apples, antioxidant ascorbic acid", apple,no allergens detected, https://world.openfoodfacts.org/product/5038862104708/apple-juice-innocent
178, Lemon Juice by Sainsbury's," lemon juice from concentrate sulphites, lemon oil, preservative potassium metabisulphite sulphites", sulphur dioxide and sulphites,no allergens detected, https://world.openfoodfacts.org/product/01180992/lemon-juice-by-sainsbury-s
179, Bolt from the Blue Innocent," apples , coconut water , grapes, white guava , passion fruit, spirulina extract , lime , vitamin b, vitamin b, vitamin b, vitamin b, vitamin e", apple,no allergens detected, https://world.openfoodfacts.org/product/5038862138697/bolt-from-the-blue-innocent
180, Passata di Pomodoro Mutti," tomato , salt", none,no allergens detected, https://world.openfoodfacts.org/product/80042563/passata-di-pomodoro-mutti
181, Vegetable Stock Pot Knorr," concentrated vegetable stock water, carrots, leek, red bell pepper, celeriac , glucose syrup, salt, yeast extract, palm fat, sugar, potassium chloride, parsley, vegetable juice concentrate celery, carrots, leek, onions ,, spices celery seeds, lovage root, nutmeg, pepper, gelling agents xanthan gum, locust bean gum, flavourings, caramel syrup, maltodextrin", celery,no allergens detected, https://world.openfoodfacts.org/product/8712566479665/vegetable-stock-pot-8-x-imp-knorr
182, Buttery Taste Dairy Free Pure," vegetable oils  rapeseed, palm, water, salt , natural flavourings, vitamin e, vitamin ad, natural colour carotenes, vitamin b", none,no allergens detected, https://world.openfoodfacts.org/product/5025878004887/buttery-taste-dairy-free-pure
183, Gazpacho Original Alvalle," tomato, pepper, cucumber, onion, extra virgin olive oil, water, wine vinegar, salt, garlic and lemon juice", none,no allergens detected, https://world.openfoodfacts.org/product/8422174010029/gazpacho-original-alvalle
184, Puglian Extra Virgin Oil Aldi, extra virgin olive oil, none,no allergens detected, https://world.openfoodfacts.org/product/4088600391977/puglian-extra-virgin-oil-aldi
185, Vegetable Stock Cubes Newgate," salt, starch, palm fat,  vegetables onion, carrot, tomato, leek, celery, bell pepper, sugar, herbs, yeast extract, spices contain celery, natural flavourings, caramelised sugar syrup, maltodextrin", celery,no allergens detected, https://world.openfoodfacts.org/product/20995195/vegetable-stock-cubes-newgate
186, Fruit Rolls Bear," apples, pears, strawberries, a little black carrot extract", none,no allergens detected, https://world.openfoodfacts.org/product/5060139430241/fruit-rolls-bear
187, Blue Machine Blueberry Smoothie Naked," apple juice from concentrate , apple puree , banana puree, blueberry puree , blackcurrant puree , elderberry juice, go berry extract , natural flavourings, vitamins c b, thiamine, riboflavin", none,no allergens detected, https://world.openfoodfacts.org/product/5022313395401/blue-machine-blueberry-smoothie-naked
188, Sylt Hallon & Blåbär," sugar, raspberries , blueberries   vaccinium myrtillus, gelling agent e, acidity regulator e", none,no allergens detected, https://world.openfoodfacts.org/product/1702881020007/sylt-hallon-blabar-framboesa-e-mirtilo-ikea
189, AriZona blueberry white tea ," water, fruit juice from concentrates  pear , blueberry , sugar, honey , acidifier citric acid and malic acid, natural flavoring, white tea extract , antioxidant ascorbic acid, coloring foods carrot and blueberry concentrate, sweetener steviol glycosides from stevia", none,no allergens detected, https://world.openfoodfacts.org/product/0613008766061/arizona-blueberry-white-tea
190, Ice Tea Saveur Pêche Lipton," water, acidifiers citric acid, malic acid, black tea extract , peach juice from concentrate , flavorings, acidity regulator trisodium citrate, sweeteners acesulfamek, sucralose, antioxidant ascorbic acid", none,no allergens detected, https://world.openfoodfacts.org/product/3168930170570/ice-tea-saveur-peche-lipton
191, Thé Earl Grey coffret Twinings," black tea, bergamot flavoring ", none,no allergens detected, https://world.openfoodfacts.org/product/5055953902494/the-earl-grey-coffret-twinings
192, Apple & Elderflower Organic Kombucha Hip Pop," water, cane sugar, green tea, black tea, kombucha culture, apple juice, elderflower extract living cultures bacillus coagulants", none,no allergens detected, https://world.openfoodfacts.org/product/5060512670943/apple-elderflower-organic-kombucha-hip-pop
193, Organic Detox Tea Bags Clipper," hibiscus , nettle , licorice root , natural flavorings, aloe vera extracts  ingredients from organic farming", none,no allergens detected, https://world.openfoodfacts.org/product/5021991888168/organic-detox-tea-bags-clipper
194, Healthy Energy Apple Raspberry Perfect ted," sparkling water, apple juice from concentrate, raspberry juice, organic ceremonial grade matcha, green tea extract, natural flavouring", none,no allergens detected, https://world.openfoodfacts.org/product/5070000222417/healthy-energy-apple-raspberry-perfect-ted
195, Lipton Ice Tea saveur framboise," water, sugar, acidifier citric acid, black tea extract , raspberry juice from concentrate , flavorings, acidity regulator trisodium citrate, antioxidant ascorbic acid, sweetener steviol glycosides from stevia", none,no allergens detected, https://world.openfoodfacts.org/product/3502110010674/lipton-ice-tea-saveur-framboise
196, Twinings Ginger," ginger root , liquorice root , cinnamon , cloves ", none,no allergens detected, https://world.openfoodfacts.org/product/0070177198435/twinings-ginger-20-s-35g
197, Confiture d'abricot Delicia," apricots, sugar, citric acid", none,no allergens detected, https://world.openfoodfacts.org/product/6111162000716/confiture-d-abricot-delicia
198, Tomato Ketchup Heinz," tomatoes, spirit vinegar, sugar, salt, spice and herb extracts celery, spice", celery,no allergens detected, https://world.openfoodfacts.org/product/50457250/tomato-ketchup-heinz
199, Runny Honey imp Rowse, honey, none,no allergens detected, https://world.openfoodfacts.org/product/5011273040698/runny-honey-imp-rowse
200, Red Bull," water, sucrose, glucose, acidulant citric acid, carbon dioxide, taurine ,, acidity correctors sodium carbonates, magnesium carbonates, caffeine ,, vitamins niacin, pantothenic acid, b, b, aromas, colorants natural caramel, riboflavins", none,no allergens detected, https://world.openfoodfacts.org/product/9002490100070/red-bull
